gender,race,college_tier,education_level,years_experience,skills_score,interview_score,test_score,hired
Other,Asian,Tier 1,Masters,0,45.42,90.99,74.05,1
Male,Asian,Tier 2,Bachelors,14,41.23,71.73,75.69,1
Other,Other,Tier 1,Masters,7,93.47,58.21,60.67,1
Other,Hispanic,Tier 3,Bachelors,11,25.09,79.78,16.68,0
Male,Black,Tier 3,Masters,17,12.04,86.44,79.74,1
Male,Hispanic,Tier 2,Masters,14,58.45,45.69,72.01,1
Other,Hispanic,Tier 1,PhD,16,96.93,47.51,8.61,1
Female,Asian,Tier 1,Bachelors,13,37.78,38.61,46.38,0
Other,Hispanic,Tier 1,Masters,13,6.2,96.67,17.4,0
Other,White,Tier 2,Masters,17,33.93,69.72,33.75,0
Other,Asian,Tier 2,Bachelors,19,50.59,8.32,1.81,0
Other,White,Tier 3,Bachelors,17,16.19,86.3,40.03,0
Male,Black,Tier 2,Bachelors,15,65.81,48.06,54.99,1
Other,Asian,Tier 3,Masters,0,99.77,6.88,61.96,0
Female,Black,Tier 3,Masters,10,45.17,54.97,66.35,0
Male,Asian,Tier 1,Bachelors,14,35.47,41.72,83.63,0
Female,Other,Tier 3,Masters,11,40.07,87.77,21.55,0
Female,Hispanic,Tier 1,Bachelors,7,11.51,20.4,12.05,0
Female,Other,Tier 1,Bachelors,19,88.33,82.65,85.15,1
Female,Black,Tier 2,PhD,5,41.48,55.77,15.66,0
Male,Hispanic,Tier 1,PhD,2,38.73,5.46,97.48,0
Male,Asian,Tier 2,Masters,12,65.97,97.18,84.25,1
Female,Hispanic,Tier 2,Bachelors,12,44.2,51.26,50.09,0
Female,White,Tier 2,Masters,1,64.82,29.09,98.14,1
Male,Hispanic,Tier 1,Bachelors,4,6.14,46.94,9.74,0
Male,White,Tier 2,Bachelors,16,81.37,85.79,30.31,1
Male,Hispanic,Tier 2,Bachelors,5,94.05,30.49,63.82,1
Other,White,Tier 2,Masters,1,64.88,19.27,35.0,0
Other,Black,Tier 2,Masters,3,95.46,12.91,92.84,1
Other,Other,Tier 1,Bachelors,10,15.14,29.79,6.56,0
Female,Asian,Tier 2,Masters,7,47.74,78.0,54.94,1
Other,Hispanic,Tier 1,PhD,11,60.18,47.16,59.09,1
Female,Other,Tier 2,Bachelors,7,58.17,22.75,65.27,0
Female,Asian,Tier 2,Masters,10,40.15,16.62,25.57,0
Other,Asian,Tier 2,Masters,19,33.81,33.27,36.46,0
Female,White,Tier 2,Bachelors,7,12.68,93.99,84.37,1
Other,Black,Tier 3,Bachelors,7,39.17,34.3,19.49,0
Other,Black,Tier 3,Masters,16,16.27,98.81,82.69,1
Male,Other,Tier 3,Masters,19,73.44,48.52,56.27,1
Other,Black,Tier 3,Masters,19,20.88,17.92,76.22,0
Male,Hispanic,Tier 1,Bachelors,15,5.86,89.11,71.36,1
Other,Black,Tier 1,PhD,13,55.24,46.04,20.75,0
Other,Other,Tier 2,Bachelors,10,59.52,70.97,56.88,1
Male,Black,Tier 1,Bachelors,6,87.19,98.37,86.77,1
Male,Hispanic,Tier 2,Masters,15,57.7,5.02,43.21,0
Other,White,Tier 1,Bachelors,12,34.55,9.67,96.66,0
Female,Other,Tier 2,Bachelors,14,80.3,72.05,45.22,1
Male,White,Tier 2,Bachelors,15,54.03,28.18,14.28,0
Female,White,Tier 2,Bachelors,20,7.93,18.43,38.94,0
Female,White,Tier 2,Bachelors,8,56.59,3.94,95.17,0
Female,Asian,Tier 3,PhD,2,90.8,2.18,31.97,0
Male,Asian,Tier 2,Bachelors,18,39.63,77.45,86.81,1
Female,White,Tier 3,Masters,19,29.63,13.44,88.13,0
Male,Other,Tier 1,Masters,4,14.35,46.77,35.02,0
Female,Hispanic,Tier 3,PhD,9,15.14,60.59,8.33,0
Other,Hispanic,Tier 2,Bachelors,16,43.28,42.84,72.46,0
Other,Black,Tier 1,Masters,14,59.57,2.71,31.15,0
Male,Other,Tier 1,Masters,7,8.06,78.35,78.29,1
Other,Asian,Tier 2,Masters,14,93.96,1.05,44.27,0
Other,White,Tier 1,Masters,20,75.51,76.19,48.53,1
Female,Black,Tier 1,Masters,13,58.66,89.33,77.79,1
Male,Hispanic,Tier 2,Bachelors,19,82.84,43.28,38.24,1
Female,Asian,Tier 2,Masters,6,8.02,53.55,44.31,0
Female,Asian,Tier 2,Masters,20,47.68,47.7,37.62,0
Female,White,Tier 3,Masters,11,63.01,38.92,36.73,0
Female,Hispanic,Tier 2,PhD,16,82.87,88.74,52.59,1
Female,Other,Tier 2,Bachelors,16,78.35,89.39,80.88,1
Female,Asian,Tier 1,PhD,9,27.71,33.58,36.18,0
Female,White,Tier 2,Bachelors,18,94.09,61.51,52.43,1
Male,Other,Tier 1,Bachelors,13,12.43,92.69,67.07,1
Other,Hispanic,Tier 3,Bachelors,10,87.51,96.21,26.94,1
Female,Asian,Tier 3,Bachelors,1,97.09,50.9,27.75,1
Female,Other,Tier 2,Masters,17,17.72,45.28,93.34,0
Female,Other,Tier 1,Bachelors,6,72.21,27.87,72.35,1
Female,Other,Tier 3,Bachelors,11,4.03,95.89,57.72,0
Female,Asian,Tier 2,PhD,1,40.54,14.28,64.77,0
Female,Asian,Tier 1,Masters,19,51.63,57.98,2.93,0
Other,Black,Tier 1,Masters,17,58.06,28.26,61.81,0
Other,Hispanic,Tier 2,Masters,5,93.59,27.9,50.95,1
Female,White,Tier 1,Masters,9,67.23,40.5,54.57,1
Other,Other,Tier 3,Bachelors,19,48.13,99.88,35.94,1
Male,Black,Tier 2,Bachelors,14,80.97,5.5,8.15,0
Female,White,Tier 1,Masters,4,95.05,57.85,19.33,1
Male,Black,Tier 3,Bachelors,19,2.21,8.26,95.07,0
Male,Asian,Tier 1,Masters,2,98.25,15.45,40.87,1
Female,Other,Tier 2,Bachelors,4,8.61,43.96,46.67,0
Other,White,Tier 1,Bachelors,7,81.44,51.05,5.27,0
Male,White,Tier 1,Masters,7,28.03,25.88,3.76,0
Female,White,Tier 2,Masters,7,13.22,31.65,71.72,0
Male,White,Tier 2,Masters,11,43.99,8.7,53.81,0
Male,White,Tier 2,Masters,7,64.4,30.32,50.87,0
Male,Black,Tier 2,Bachelors,10,38.1,96.66,24.31,1
Male,Other,Tier 2,Bachelors,13,5.46,94.47,74.48,1
Other,Asian,Tier 1,Masters,7,59.95,33.49,16.82,0
Male,Asian,Tier 1,Masters,9,90.24,57.09,18.99,1
Male,Asian,Tier 3,Bachelors,6,38.32,90.96,46.07,1
Male,Asian,Tier 2,Masters,16,21.63,0.62,28.63,0
Other,Black,Tier 2,Bachelors,3,44.26,81.07,24.75,0
Male,Hispanic,Tier 1,Bachelors,12,4.84,94.84,64.52,1
Male,Other,Tier 1,Bachelors,3,82.05,9.13,65.1,0
Other,White,Tier 2,Masters,4,82.63,16.14,82.45,1
Other,Hispanic,Tier 3,Masters,3,58.8,96.07,41.77,1
Other,Asian,Tier 2,Bachelors,17,35.31,53.75,7.31,0
Male,Hispanic,Tier 3,Masters,5,79.98,1.42,27.37,0
Other,Other,Tier 2,Bachelors,1,55.47,25.76,98.0,0
Other,White,Tier 1,Bachelors,10,82.59,44.99,59.63,1
Male,White,Tier 2,Bachelors,13,63.15,69.29,70.97,1
Other,Other,Tier 1,Bachelors,4,78.44,73.32,0.74,1
Male,Other,Tier 1,Bachelors,5,59.86,99.54,51.82,1
Female,Asian,Tier 3,Masters,9,41.41,28.75,3.75,0
Other,White,Tier 2,Masters,7,95.79,53.82,56.92,1
Female,Hispanic,Tier 2,Masters,13,54.11,53.33,92.08,1
Male,Black,Tier 1,Bachelors,2,60.51,40.56,96.84,1
Other,Black,Tier 1,Bachelors,11,22.05,16.92,54.06,0
Male,Other,Tier 1,Bachelors,15,62.57,97.75,45.82,1
Female,Asian,Tier 1,Bachelors,16,57.16,85.33,94.5,1
Male,Black,Tier 2,Masters,0,18.48,49.83,67.36,0
Other,White,Tier 1,Bachelors,9,5.96,60.32,6.49,0
Other,Other,Tier 2,Masters,9,60.44,22.73,46.57,0
Female,Hispanic,Tier 1,Masters,20,76.37,54.38,24.02,1
Male,Other,Tier 1,Bachelors,1,52.34,69.5,46.98,1
Other,Hispanic,Tier 1,Masters,8,22.68,51.52,45.55,0
Female,Other,Tier 2,Masters,12,66.65,99.03,58.21,1
Other,Other,Tier 2,Masters,15,8.01,61.13,35.68,0
Other,Other,Tier 2,Masters,17,44.18,37.1,16.43,0
Male,Hispanic,Tier 2,Bachelors,18,16.34,77.22,50.37,0
Other,Hispanic,Tier 2,Bachelors,11,18.45,17.05,83.02,0
Male,Other,Tier 1,Bachelors,7,20.23,38.45,66.4,0
Other,Black,Tier 1,Bachelors,16,38.67,34.7,33.84,0
Female,Asian,Tier 3,Masters,14,5.12,43.18,93.55,0
Other,Asian,Tier 2,Bachelors,9,39.78,78.18,91.22,1
Male,Asian,Tier 1,PhD,14,51.17,48.42,20.93,0
Male,Hispanic,Tier 3,Masters,14,48.33,79.4,3.94,0
Female,Hispanic,Tier 2,Bachelors,6,38.28,57.65,74.13,0
Other,Black,Tier 1,Bachelors,12,83.91,34.21,82.76,1
Other,Asian,Tier 2,Masters,16,14.53,81.0,96.79,1
Female,Asian,Tier 2,Masters,8,50.57,23.83,88.98,0
Other,Other,Tier 2,Masters,7,6.2,22.44,60.05,0
Other,Hispanic,Tier 1,Bachelors,19,7.12,50.45,53.01,0
Male,Asian,Tier 1,Bachelors,20,57.39,26.08,2.78,0
Other,Black,Tier 2,Bachelors,17,56.6,0.91,24.67,0
Other,Black,Tier 2,Bachelors,12,87.8,64.83,45.96,1
Female,Asian,Tier 3,Masters,15,55.79,51.11,62.85,0
Female,Hispanic,Tier 2,Masters,8,95.98,44.55,55.73,1
Male,Black,Tier 1,Masters,11,4.87,96.7,74.26,1
Other,Other,Tier 2,Masters,11,9.8,57.12,27.98,0
Other,Black,Tier 1,Masters,5,4.41,86.34,56.5,0
Other,White,Tier 2,Bachelors,18,18.53,13.95,8.81,0
Male,White,Tier 2,Bachelors,6,54.13,56.92,41.37,0
Male,Hispanic,Tier 1,PhD,2,64.56,86.8,75.02,1
Female,Asian,Tier 2,Bachelors,15,4.56,58.31,69.34,0
Male,Hispanic,Tier 1,PhD,17,94.6,71.8,99.06,1
Other,Hispanic,Tier 1,Masters,15,84.22,37.2,27.79,1
Other,Hispanic,Tier 1,Bachelors,6,29.66,9.24,49.82,0
Male,Hispanic,Tier 1,Masters,3,7.72,45.79,32.95,0
Other,Other,Tier 3,Masters,7,16.99,39.45,44.06,0
Other,Other,Tier 2,Masters,12,12.69,86.71,85.7,1
Male,Black,Tier 1,PhD,12,12.33,24.4,68.42,0
Male,White,Tier 2,PhD,16,51.86,96.67,88.24,1
Other,Hispanic,Tier 1,Bachelors,16,24.58,95.81,20.35,0
Other,Black,Tier 3,Bachelors,4,35.81,24.76,87.34,0
Other,White,Tier 2,PhD,5,98.95,34.81,5.98,0
Female,Asian,Tier 2,Masters,18,68.43,89.56,88.86,1
Female,Other,Tier 1,Bachelors,12,94.9,96.66,32.91,1
Female,White,Tier 2,Bachelors,13,14.26,44.34,31.46,0
Male,Asian,Tier 2,Masters,3,38.21,32.1,51.21,0
Female,White,Tier 3,PhD,6,55.47,52.61,94.07,1
Male,Other,Tier 1,Masters,7,7.68,68.78,4.78,0
Male,Other,Tier 1,Masters,12,0.42,27.35,35.22,0
Female,Black,Tier 3,Bachelors,5,67.04,73.65,85.66,1
Female,Hispanic,Tier 2,Bachelors,5,64.18,5.17,39.61,0
Female,White,Tier 1,Masters,20,41.08,4.93,19.92,0
Other,White,Tier 1,Bachelors,2,48.96,38.63,42.48,0
Female,Asian,Tier 3,Bachelors,2,41.54,35.35,38.56,0
Other,Other,Tier 1,Bachelors,12,2.4,31.56,91.54,0
Male,White,Tier 2,Masters,1,33.54,49.1,76.19,0
Other,Other,Tier 2,PhD,15,17.71,32.07,50.51,0
Female,White,Tier 1,Bachelors,5,9.84,19.23,98.84,0
Male,Black,Tier 2,Bachelors,7,95.67,30.95,46.53,1
Male,Hispanic,Tier 1,Masters,7,59.94,97.49,5.82,1
Male,White,Tier 1,PhD,5,72.87,41.11,26.23,0
Other,Other,Tier 2,Bachelors,13,31.54,44.47,43.61,0
Female,Black,Tier 3,Bachelors,2,39.31,57.65,15.69,0
Male,White,Tier 2,Bachelors,9,23.69,98.33,94.76,1
Male,Asian,Tier 2,Masters,2,9.7,24.16,76.68,0
Male,Hispanic,Tier 1,Bachelors,11,17.9,68.13,26.83,0
Other,White,Tier 1,Bachelors,16,79.75,71.6,59.08,1
Other,Black,Tier 1,Masters,4,67.75,60.73,72.14,1
Female,Asian,Tier 1,Masters,19,54.69,8.86,94.13,0
Other,Black,Tier 1,Bachelors,8,47.51,67.69,88.16,1
Male,Black,Tier 1,Masters,20,92.24,6.41,51.52,1
Female,Asian,Tier 1,Bachelors,19,7.27,59.61,77.47,0
Male,Black,Tier 1,Masters,6,28.06,73.96,56.21,1
Male,Asian,Tier 2,Bachelors,3,34.99,21.1,55.27,0
Other,White,Tier 3,Masters,12,78.24,84.16,11.47,1
Female,Asian,Tier 1,Bachelors,12,99.25,3.04,12.61,0
Other,Asian,Tier 3,Masters,9,24.07,84.38,52.95,0
Other,Hispanic,Tier 3,Masters,17,87.43,46.03,26.89,0
Female,Asian,Tier 1,Masters,16,83.06,21.76,2.1,0
Male,Asian,Tier 2,Masters,19,22.47,13.38,72.28,0
Male,White,Tier 2,Masters,19,39.93,95.33,3.25,0
Female,Hispanic,Tier 2,Bachelors,12,40.97,7.27,59.53,0
Male,Other,Tier 1,Bachelors,16,97.82,19.91,53.92,1
Female,White,Tier 2,PhD,3,18.09,34.78,96.88,0
Female,White,Tier 1,Bachelors,0,79.92,62.02,48.42,1
Other,Other,Tier 2,Masters,0,33.42,54.48,6.36,0
Female,Asian,Tier 2,PhD,14,73.09,12.56,55.17,0
Other,Black,Tier 2,Bachelors,12,42.0,28.97,84.11,0
Male,Hispanic,Tier 2,Masters,16,57.84,23.88,99.68,1
Male,Black,Tier 2,Bachelors,7,83.26,21.35,43.03,0
Male,Other,Tier 1,Masters,17,80.42,41.11,32.03,1
Male,White,Tier 1,Bachelors,12,86.64,70.4,90.67,1
Other,White,Tier 3,Bachelors,13,5.96,21.75,19.12,0
Male,Hispanic,Tier 1,Masters,7,69.21,36.67,61.54,1
Female,White,Tier 1,Masters,7,14.0,39.09,40.57,0
Female,White,Tier 1,Masters,14,41.58,97.65,4.11,1
Female,Hispanic,Tier 1,Masters,12,54.86,95.47,34.73,1
Other,Hispanic,Tier 3,Bachelors,6,40.27,80.01,26.52,0
Male,Other,Tier 2,Masters,4,51.96,24.17,68.61,0
Male,White,Tier 3,Bachelors,16,99.65,6.8,94.88,1
Male,White,Tier 2,PhD,15,13.52,31.69,26.8,0
Other,Other,Tier 2,Masters,1,67.55,26.68,81.15,0
Female,Asian,Tier 1,Masters,17,39.6,50.59,5.54,0
Female,Asian,Tier 2,PhD,16,13.3,77.77,53.81,0
Male,Asian,Tier 1,Bachelors,6,15.87,85.83,7.06,0
Female,Other,Tier 3,Masters,12,94.93,84.49,93.4,1
Female,White,Tier 3,Bachelors,17,87.96,35.97,76.64,1
Other,Other,Tier 1,PhD,13,90.7,68.72,65.79,1
Other,Other,Tier 3,Bachelors,17,99.15,31.28,82.39,1
Other,Asian,Tier 3,Masters,12,20.83,6.09,64.75,0
Other,Black,Tier 2,Masters,10,35.54,70.16,96.89,1
Male,White,Tier 1,Bachelors,20,66.92,0.98,71.4,0
Other,Asian,Tier 2,Bachelors,20,48.38,40.92,92.47,1
Female,Black,Tier 2,Masters,15,41.84,32.94,51.71,0
Male,Black,Tier 1,Bachelors,16,35.78,69.34,11.71,0
Female,Hispanic,Tier 1,Bachelors,7,59.38,76.62,52.82,1
Female,White,Tier 2,Bachelors,18,57.56,30.41,12.69,0
Female,Black,Tier 1,Bachelors,19,16.15,81.16,59.25,0
Other,Asian,Tier 2,Masters,14,47.17,29.39,48.25,0
Other,Hispanic,Tier 3,Masters,8,55.35,44.63,62.26,0
Male,White,Tier 3,Bachelors,19,57.03,72.7,1.0,0
Male,Other,Tier 1,Bachelors,9,21.01,69.29,19.48,0
Other,Asian,Tier 3,Bachelors,11,74.23,98.74,49.13,1
Female,Black,Tier 1,Bachelors,20,2.52,22.52,95.05,0
Male,Black,Tier 1,Bachelors,19,35.48,66.23,38.36,0
Other,Asian,Tier 2,Bachelors,0,78.02,60.97,42.44,1
Other,Black,Tier 1,Bachelors,19,56.39,91.51,71.47,1
Other,Hispanic,Tier 1,Masters,8,26.12,15.64,60.38,0
Female,White,Tier 2,Bachelors,14,69.5,75.18,29.89,1
Other,Hispanic,Tier 1,Masters,0,56.74,56.83,41.08,0
Other,Black,Tier 1,Masters,11,79.62,27.47,21.77,0
Other,Other,Tier 2,Masters,2,73.5,47.44,96.6,1
Other,White,Tier 2,Masters,10,61.01,33.38,13.06,0
Male,White,Tier 2,Masters,1,48.82,57.93,37.18,0
Male,Asian,Tier 1,Masters,15,13.32,88.9,2.58,0
Other,Asian,Tier 2,Masters,8,26.13,56.93,22.18,0
Female,Other,Tier 1,Masters,14,41.91,63.17,78.05,1
Male,White,Tier 1,Masters,11,59.93,51.87,20.12,0
Other,Other,Tier 2,Masters,0,51.37,5.12,8.01,0
Male,Asian,Tier 1,Bachelors,12,28.82,23.29,47.45,0
Male,Asian,Tier 1,Bachelors,13,0.65,49.2,1.0,0
Female,White,Tier 2,Bachelors,7,49.62,31.02,8.48,0
Other,Hispanic,Tier 2,Masters,7,28.56,18.18,80.76,0
Other,Black,Tier 2,Masters,11,73.46,50.41,77.15,1
Female,Asian,Tier 1,PhD,0,2.39,32.28,91.51,0
Female,Asian,Tier 1,Masters,10,58.48,25.81,85.45,0
Other,Hispanic,Tier 1,Bachelors,7,94.15,46.4,68.32,1
Other,Hispanic,Tier 1,Bachelors,9,17.44,13.33,5.23,0
Female,Other,Tier 2,Masters,18,47.16,92.77,78.28,1
Male,Other,Tier 3,Masters,10,9.14,86.77,84.55,0
Male,Black,Tier 2,PhD,6,62.57,70.76,79.91,1
Female,Black,Tier 2,Bachelors,10,55.05,10.62,50.85,0
Male,White,Tier 2,Masters,16,40.74,77.59,23.29,0
Female,Other,Tier 2,Masters,0,52.14,80.8,84.53,1
Male,Asian,Tier 1,Masters,20,89.66,76.78,72.72,1
Male,Other,Tier 2,Masters,20,19.63,11.4,98.08,0
Other,Asian,Tier 2,Masters,7,2.26,64.39,15.57,0
Other,Hispanic,Tier 1,Bachelors,5,86.17,83.43,22.57,1
Male,Other,Tier 1,Masters,17,57.71,57.74,21.18,0
Male,Hispanic,Tier 3,Masters,5,89.07,64.64,79.25,1
Other,Black,Tier 1,Masters,4,59.69,45.84,18.69,0
Other,Black,Tier 1,Masters,12,81.02,52.87,6.67,0
Other,White,Tier 2,Bachelors,18,42.97,3.44,99.86,0
Female,Other,Tier 2,Bachelors,7,74.99,63.9,2.48,0
Male,Hispanic,Tier 2,PhD,8,91.3,8.14,83.52,1
Other,Asian,Tier 2,Masters,16,57.21,43.5,36.54,0
Male,Black,Tier 1,PhD,2,18.08,29.27,84.16,0
Female,Black,Tier 2,Bachelors,18,26.88,54.54,55.46,0
Female,Asian,Tier 1,Masters,10,19.86,13.34,90.16,0
Other,Hispanic,Tier 3,Masters,16,24.69,69.16,92.62,1
Female,Hispanic,Tier 2,PhD,20,30.64,79.5,0.91,0
Male,Other,Tier 1,Bachelors,18,55.51,16.34,7.54,0
Other,Other,Tier 1,Masters,1,58.8,10.43,25.04,0
Male,White,Tier 1,Masters,7,42.65,14.55,66.93,0
Male,Black,Tier 1,Bachelors,18,61.54,87.71,88.83,1
Female,Other,Tier 1,Masters,6,8.16,52.82,45.99,0
Female,Hispanic,Tier 2,Masters,16,8.78,46.73,60.7,0
Female,Asian,Tier 2,PhD,5,17.18,10.67,18.85,0
Female,Hispanic,Tier 1,Bachelors,18,51.81,64.96,80.5,1
Female,Black,Tier 1,Bachelors,5,21.4,86.8,96.73,1
Other,Hispanic,Tier 1,Bachelors,1,28.33,82.82,26.86,0
Male,White,Tier 3,Bachelors,5,40.03,62.61,49.48,0
Male,Black,Tier 1,Bachelors,4,81.19,7.53,8.61,0
Male,Asian,Tier 2,Masters,18,1.39,11.24,55.91,0
Male,White,Tier 3,Bachelors,19,64.94,4.93,50.28,0
Female,Black,Tier 2,PhD,3,66.89,25.75,14.44,0
Male,Asian,Tier 3,PhD,16,79.87,13.57,44.21,0
Other,White,Tier 1,Masters,10,93.28,26.0,33.41,1
Other,White,Tier 3,PhD,3,2.01,38.51,52.18,0
Male,Black,Tier 1,Masters,12,15.38,94.3,58.57,1
Male,Other,Tier 1,Masters,19,88.62,61.04,0.85,1
Other,White,Tier 2,Bachelors,16,45.85,83.5,76.1,1
Other,White,Tier 3,Bachelors,8,56.46,71.04,71.3,1
Female,Asian,Tier 3,Masters,3,66.3,11.25,36.63,0
Other,Hispanic,Tier 1,Masters,13,67.91,73.59,5.29,1
Female,Black,Tier 1,Bachelors,18,93.17,27.51,75.49,1
Female,Black,Tier 3,Masters,2,99.69,63.91,95.52,1
Female,Other,Tier 1,Masters,13,72.02,34.1,24.02,0
Female,Other,Tier 2,Bachelors,7,28.72,99.77,32.35,1
Female,Black,Tier 3,PhD,0,87.98,26.36,18.38,0
Male,Other,Tier 2,Masters,9,4.92,27.91,57.69,0
Other,Asian,Tier 1,Bachelors,17,23.11,93.07,15.48,0
Female,Black,Tier 2,Masters,15,89.74,2.46,35.62,0
Other,Other,Tier 1,Bachelors,7,25.62,69.67,69.7,1
Other,Black,Tier 3,Masters,0,22.07,72.53,56.01,0
Female,Hispanic,Tier 2,Bachelors,11,13.81,83.64,38.65,0
Male,White,Tier 3,Bachelors,7,85.91,97.44,42.02,1
Female,Black,Tier 1,PhD,15,50.01,97.56,56.21,1
Male,White,Tier 3,Masters,17,67.49,6.53,0.59,0
Other,Other,Tier 2,Bachelors,3,23.91,82.18,7.85,0
Male,White,Tier 1,Bachelors,5,75.8,64.63,88.13,1
Male,Black,Tier 1,PhD,11,76.0,64.73,7.79,1
Male,Hispanic,Tier 2,Bachelors,8,31.26,12.83,70.68,0
Other,Other,Tier 2,Bachelors,14,41.07,65.02,92.0,1
Other,Black,Tier 3,Bachelors,15,20.97,98.25,27.07,0
Male,Other,Tier 1,Bachelors,11,97.66,91.18,37.05,1
Male,Asian,Tier 1,Masters,13,64.56,43.91,56.89,1
Female,White,Tier 2,Masters,12,93.45,3.99,88.17,1
Male,Asian,Tier 1,Bachelors,1,30.34,36.23,94.19,0
Female,Black,Tier 2,Masters,2,78.19,82.64,73.96,1
Male,Hispanic,Tier 3,Bachelors,9,76.59,70.15,8.66,0
Female,Other,Tier 3,PhD,8,69.17,45.93,66.92,0
Other,White,Tier 3,PhD,19,96.56,5.51,41.03,0
Male,Other,Tier 2,Bachelors,7,39.36,42.69,47.07,0
Male,Black,Tier 1,Masters,9,13.07,46.9,4.91,0
Male,Other,Tier 2,Masters,18,67.17,92.86,19.11,1
Male,White,Tier 2,Bachelors,2,72.93,64.11,79.05,1
Female,Black,Tier 3,Bachelors,4,57.51,31.17,45.4,0
Male,Other,Tier 1,Bachelors,2,20.68,52.53,30.17,0
Other,Hispanic,Tier 2,Masters,15,50.45,6.61,38.4,0
Other,Black,Tier 1,PhD,16,31.22,97.26,85.44,1
Male,Black,Tier 2,Masters,14,42.75,36.01,74.9,0
Other,Hispanic,Tier 3,Masters,2,64.52,47.79,27.23,0
Male,Asian,Tier 2,Masters,11,74.52,35.53,11.75,0
Male,White,Tier 1,Masters,8,23.22,68.25,25.2,0
Other,Asian,Tier 3,Masters,20,40.53,66.22,92.08,1
Male,Other,Tier 2,Bachelors,11,26.92,71.53,58.16,0
Other,Hispanic,Tier 1,Masters,14,19.86,26.81,53.35,0
Female,Asian,Tier 1,Masters,1,78.34,31.57,59.64,1
Male,Black,Tier 1,Bachelors,17,90.93,12.53,36.6,0
Female,Other,Tier 1,Masters,19,37.02,65.55,80.71,1
Other,Other,Tier 3,Bachelors,11,75.13,3.98,52.33,0
Female,Asian,Tier 2,Masters,3,89.7,59.77,11.67,1
Female,Asian,Tier 3,Masters,15,84.61,86.97,12.91,1
Other,Hispanic,Tier 1,Bachelors,15,18.28,89.08,53.69,1
Female,White,Tier 1,Bachelors,0,95.63,44.9,93.66,1
Female,Asian,Tier 2,Bachelors,1,37.67,45.93,30.84,0
Other,Asian,Tier 1,Masters,2,33.92,7.7,86.95,0
Female,Black,Tier 2,Bachelors,20,6.24,67.08,76.41,0
Other,Other,Tier 3,PhD,19,48.62,82.13,24.78,0
Female,White,Tier 2,Bachelors,16,10.9,24.47,3.63,0
Other,Black,Tier 2,PhD,19,24.85,42.13,10.18,0
Other,Hispanic,Tier 1,PhD,20,31.69,83.88,72.85,1
Female,Hispanic,Tier 1,Bachelors,0,80.88,87.71,19.97,1
Female,Asian,Tier 1,Masters,19,87.55,24.32,37.13,0
Female,Asian,Tier 2,Bachelors,5,30.25,55.06,50.17,0
Male,Hispanic,Tier 1,Masters,14,85.87,19.25,72.55,1
Male,Asian,Tier 1,Bachelors,13,85.72,10.19,11.32,0
Male,White,Tier 2,Bachelors,19,76.47,91.11,40.64,1
Other,Asian,Tier 1,Bachelors,14,14.67,82.05,48.51,0
Female,Other,Tier 1,Bachelors,13,69.03,76.0,54.08,1
Other,Asian,Tier 1,Bachelors,20,94.5,4.88,81.84,1
Male,Black,Tier 3,Masters,4,68.25,84.37,17.17,1
Female,White,Tier 2,PhD,5,33.16,43.8,80.78,0
Other,Black,Tier 2,Bachelors,16,50.06,34.24,69.29,0
Female,Black,Tier 1,Masters,10,64.57,54.65,55.59,1
Other,Other,Tier 3,Bachelors,15,51.06,9.14,69.95,0
Female,White,Tier 2,Masters,11,12.0,75.66,41.2,0
Male,White,Tier 1,PhD,14,31.21,58.24,13.84,0
Male,White,Tier 3,Masters,3,80.24,18.66,66.58,0
Female,White,Tier 1,PhD,17,86.14,18.82,52.47,0
Other,White,Tier 2,Bachelors,20,13.73,18.42,63.94,0
Male,Other,Tier 2,Masters,2,95.24,5.7,33.8,0
Male,Asian,Tier 1,Masters,7,32.88,58.78,90.69,1
Male,Black,Tier 3,Bachelors,2,66.23,84.03,58.74,1
Female,White,Tier 2,PhD,7,75.18,1.75,8.54,0
Female,Asian,Tier 2,Bachelors,17,81.19,4.9,44.98,0
Other,Asian,Tier 1,Masters,9,94.57,57.28,75.64,1
Other,Black,Tier 1,Bachelors,19,31.29,81.95,79.41,1
Other,Other,Tier 1,Bachelors,16,85.85,32.67,49.46,1
Female,Hispanic,Tier 2,Masters,7,13.17,34.96,89.47,0
Female,Hispanic,Tier 1,Masters,10,70.5,59.63,26.77,1
Other,Asian,Tier 2,Bachelors,4,74.2,27.42,41.06,0
Other,Black,Tier 2,Bachelors,12,67.77,2.66,89.86,0
Female,Hispanic,Tier 1,Masters,20,25.23,73.52,89.63,1
Other,Asian,Tier 2,Bachelors,4,87.3,62.56,68.57,1
Male,Other,Tier 1,Bachelors,12,16.89,58.08,85.9,0
Female,Hispanic,Tier 3,PhD,5,5.36,74.17,8.88,0
Other,Asian,Tier 2,Masters,4,71.75,67.52,86.5,1
Female,Asian,Tier 1,Bachelors,8,47.55,20.59,32.06,0
Male,White,Tier 1,Masters,15,84.91,35.25,17.83,0
Female,Other,Tier 2,Masters,1,38.34,12.61,23.94,0
Female,White,Tier 2,Masters,0,16.83,12.99,41.8,0
Female,Black,Tier 2,Masters,7,83.64,67.62,25.12,1
Female,White,Tier 2,Bachelors,18,54.89,85.86,32.06,1
Male,White,Tier 1,Bachelors,10,18.92,96.27,13.5,0
Female,Hispanic,Tier 1,Bachelors,11,72.04,62.83,29.62,1
Female,Asian,Tier 1,Masters,11,51.11,18.41,57.23,0
Other,Other,Tier 2,Bachelors,6,60.43,10.57,44.19,0
Female,White,Tier 3,Masters,12,46.09,81.29,34.67,0
Other,Other,Tier 2,Bachelors,7,82.87,57.88,74.65,1
Male,White,Tier 1,Bachelors,8,82.96,61.83,89.35,1
Male,Black,Tier 2,Masters,6,70.94,78.15,75.68,1
Male,White,Tier 3,Bachelors,20,10.54,70.33,33.2,0
Male,Hispanic,Tier 2,Bachelors,14,83.89,83.45,74.44,1
Other,Asian,Tier 3,Masters,1,67.1,5.62,15.2,0
Female,Black,Tier 1,Bachelors,19,69.7,74.75,13.03,1
Male,White,Tier 1,Masters,11,36.3,85.09,34.56,1
Female,Other,Tier 3,Masters,0,87.93,28.61,80.77,1
Other,Black,Tier 2,Bachelors,7,72.54,64.04,24.63,1
Other,Black,Tier 1,Masters,4,11.26,31.42,6.33,0
Other,White,Tier 2,Masters,14,40.78,95.8,13.17,1
Male,Black,Tier 3,Bachelors,0,88.64,3.34,85.87,0
Female,Other,Tier 2,Bachelors,0,4.72,57.98,63.38,0
Female,Black,Tier 2,Bachelors,9,96.14,16.65,25.32,0
Female,Other,Tier 1,PhD,9,67.92,71.22,55.53,1
Other,White,Tier 2,Bachelors,20,63.14,17.59,52.76,0
Male,Asian,Tier 2,Masters,14,27.06,23.54,65.54,0
Other,Black,Tier 3,Masters,16,24.88,49.44,23.32,0
Other,Asian,Tier 3,Masters,5,94.21,91.48,86.44,1
Female,Other,Tier 3,Bachelors,2,29.83,21.17,30.94,0
Other,Black,Tier 1,Bachelors,12,77.55,14.42,69.41,0
Female,Hispanic,Tier 2,Masters,15,39.31,75.9,1.61,0
Male,Asian,Tier 2,Bachelors,7,13.93,50.06,37.27,0
Female,Black,Tier 2,Bachelors,14,1.07,91.18,35.17,0
Male,Asian,Tier 2,Bachelors,16,54.43,14.66,54.35,0
Female,Black,Tier 3,Bachelors,16,97.58,64.59,7.27,1
Other,White,Tier 2,Masters,12,36.91,23.29,79.01,0
Other,Asian,Tier 2,Bachelors,16,35.72,15.68,21.78,0
Male,Hispanic,Tier 1,Bachelors,5,34.41,68.34,67.7,1
Male,Hispanic,Tier 1,Bachelors,16,52.05,59.37,80.32,1
Male,Other,Tier 2,Masters,15,44.07,75.48,56.19,1
Female,Black,Tier 2,Masters,13,87.99,30.95,74.09,1
Female,Asian,Tier 1,Bachelors,12,50.55,44.8,66.19,0
Male,Other,Tier 1,Masters,5,50.78,40.55,35.55,0
Other,Asian,Tier 2,Masters,2,13.84,98.41,80.89,1
Female,Black,Tier 1,Masters,13,98.27,29.22,29.47,1
Female,Hispanic,Tier 1,Masters,13,25.0,29.48,57.12,0
Female,White,Tier 1,Bachelors,14,7.34,35.45,74.54,0
Male,Hispanic,Tier 1,Bachelors,7,66.31,56.46,37.9,1
Male,Other,Tier 1,Bachelors,14,59.54,25.23,30.28,0
Male,White,Tier 1,Bachelors,12,41.51,91.53,45.93,1
Male,Other,Tier 2,PhD,16,42.22,26.57,81.8,0
Male,Black,Tier 3,Bachelors,20,78.51,89.58,92.99,1
Other,White,Tier 2,Bachelors,2,19.57,10.35,54.51,0
Other,Other,Tier 2,Masters,5,82.03,65.66,66.15,1
Male,Black,Tier 1,Masters,4,64.87,90.7,90.33,1
Female,Hispanic,Tier 1,Bachelors,16,41.9,16.87,9.85,0
Male,Black,Tier 2,Bachelors,1,45.8,96.83,23.21,1
Other,Asian,Tier 1,Bachelors,14,25.66,45.29,70.89,0
Other,Black,Tier 2,Masters,4,75.21,94.57,82.37,1
Female,Black,Tier 2,Bachelors,19,51.29,67.68,85.7,1
Other,Asian,Tier 2,Bachelors,5,32.09,30.16,41.51,0
Male,Other,Tier 1,Masters,5,59.61,18.83,8.93,0
Female,Other,Tier 1,Bachelors,17,99.57,30.37,43.78,1
Male,Black,Tier 2,Masters,17,43.53,9.3,23.07,0
Male,Asian,Tier 1,Bachelors,3,92.07,14.39,29.12,0
Female,Asian,Tier 2,Bachelors,16,34.5,10.47,77.23,0
Male,Hispanic,Tier 2,PhD,13,5.47,42.29,7.55,0
Other,Other,Tier 3,Masters,13,20.42,79.56,82.76,1
Male,White,Tier 1,Bachelors,12,41.87,14.14,42.77,0
Female,Other,Tier 3,Masters,6,21.96,13.03,59.61,0
Female,Other,Tier 2,Masters,11,0.02,64.34,8.97,0
Female,Hispanic,Tier 1,Masters,14,91.5,19.72,33.74,0
Male,White,Tier 1,Bachelors,18,84.39,9.76,8.97,0
Female,Hispanic,Tier 2,PhD,10,74.23,16.68,96.15,1
Female,White,Tier 1,Bachelors,14,16.78,92.37,80.73,1
Male,Black,Tier 1,Bachelors,11,12.04,82.15,45.96,0
Other,White,Tier 1,Bachelors,2,6.76,35.41,22.36,0
Male,Hispanic,Tier 3,Bachelors,16,72.4,65.58,93.35,1
Female,Other,Tier 2,Masters,2,92.88,53.73,34.46,1
Female,White,Tier 2,Bachelors,18,43.05,67.71,16.1,0
Male,White,Tier 1,Bachelors,19,11.91,68.27,56.32,0
Other,Asian,Tier 1,Masters,3,51.24,62.87,94.38,1
Female,Other,Tier 2,Bachelors,2,34.88,26.61,0.38,0
Female,Black,Tier 2,Bachelors,15,37.48,3.9,23.81,0
Female,Hispanic,Tier 1,Bachelors,11,62.13,45.56,93.84,1
Male,Black,Tier 2,Bachelors,7,71.87,89.1,17.11,1
Female,Other,Tier 3,Bachelors,16,11.06,56.95,11.32,0
Other,White,Tier 2,Masters,6,3.56,83.24,57.02,0
Female,White,Tier 2,Bachelors,10,99.43,99.16,86.18,1
Female,Other,Tier 3,Bachelors,17,23.27,16.36,47.71,0
Other,White,Tier 1,Masters,0,5.38,69.18,99.46,0
Female,White,Tier 2,Masters,2,18.99,67.43,67.92,0
Male,White,Tier 3,Bachelors,3,3.9,98.0,7.41,0
Male,Hispanic,Tier 1,Masters,12,39.18,98.56,99.28,1
Male,Hispanic,Tier 2,Bachelors,5,80.24,68.67,40.79,1
Other,Asian,Tier 2,Bachelors,13,34.12,24.36,28.74,0
Female,Black,Tier 2,Masters,4,44.42,79.86,55.79,1
Male,Other,Tier 2,Bachelors,15,67.56,10.7,30.43,0
Other,Other,Tier 3,PhD,14,50.89,78.07,8.65,0
Female,Other,Tier 2,Bachelors,14,86.14,91.02,0.14,1
Other,Asian,Tier 1,Masters,3,86.6,38.28,44.96,1
Male,Hispanic,Tier 3,Bachelors,7,0.99,63.06,83.69,0
Male,Asian,Tier 1,Masters,15,77.8,43.01,57.23,1
Male,Other,Tier 1,Masters,15,46.07,43.78,99.92,1
Other,Black,Tier 2,Masters,3,98.88,31.04,28.68,1
Other,White,Tier 2,Bachelors,12,48.32,76.21,28.05,0
Male,Hispanic,Tier 2,Masters,12,98.69,93.62,15.97,1
Other,Hispanic,Tier 3,Masters,1,75.46,94.08,16.41,1
Male,Asian,Tier 2,Masters,2,24.86,17.48,28.52,0
Male,Hispanic,Tier 2,Masters,7,53.84,87.47,79.28,1
Female,Other,Tier 1,Masters,14,99.21,73.74,90.58,1
Other,Other,Tier 3,Bachelors,10,85.75,25.28,97.51,1
Male,Asian,Tier 3,Bachelors,8,9.74,6.73,23.23,0
Male,Other,Tier 2,Bachelors,6,70.64,26.8,88.13,1
Other,Black,Tier 1,Bachelors,12,34.56,91.22,32.83,1
Female,Asian,Tier 1,PhD,1,0.7,63.32,11.28,0
Female,Black,Tier 1,Masters,7,40.35,72.11,87.0,1
Male,White,Tier 1,PhD,6,23.48,25.72,63.61,0
Other,Black,Tier 1,Bachelors,11,81.89,71.94,16.47,1
Female,White,Tier 3,Masters,18,33.73,2.81,42.98,0
Other,White,Tier 2,Masters,6,82.75,37.53,28.73,0
Other,Black,Tier 1,Masters,9,0.06,62.68,73.68,0
Male,Asian,Tier 1,Masters,15,30.78,14.61,45.34,0
Female,Other,Tier 1,Bachelors,2,24.12,82.3,98.93,1
Male,Other,Tier 1,Masters,9,23.36,23.5,5.47,0
Female,White,Tier 1,Masters,5,6.82,65.23,35.5,0
Female,White,Tier 1,Bachelors,17,18.71,40.52,48.19,0
Female,Asian,Tier 2,Bachelors,17,55.55,59.6,50.31,1
Female,Hispanic,Tier 3,PhD,4,29.14,10.75,31.59,0
Female,Black,Tier 1,Masters,20,41.74,1.69,72.92,0
Other,White,Tier 2,PhD,6,37.69,90.96,87.47,1
Male,Other,Tier 3,Masters,1,87.59,26.96,93.87,1
Other,Asian,Tier 1,Bachelors,10,90.53,81.97,80.51,1
Female,Black,Tier 1,Bachelors,12,49.3,99.94,85.06,1
Male,Asian,Tier 3,Bachelors,4,33.02,21.14,55.05,0
Female,Black,Tier 1,Bachelors,5,10.68,26.52,82.59,0
Male,Black,Tier 2,Bachelors,13,95.34,66.29,30.35,1
Other,White,Tier 2,Bachelors,11,6.02,96.54,39.85,0
Male,Asian,Tier 1,Bachelors,3,29.77,91.58,31.69,1
Male,Asian,Tier 1,PhD,5,29.81,50.29,46.74,0
Male,Other,Tier 2,Bachelors,9,32.04,79.51,28.56,0
Male,Other,Tier 1,Masters,17,16.43,13.57,96.16,0
Male,White,Tier 1,Masters,14,78.32,97.74,31.28,1
Female,White,Tier 2,Bachelors,7,12.25,96.44,9.8,0
Male,Hispanic,Tier 2,Bachelors,8,63.49,16.37,52.68,0
Male,Other,Tier 1,Bachelors,4,12.38,29.94,5.71,0
Other,Black,Tier 3,Bachelors,9,7.05,10.02,11.05,0
Male,Asian,Tier 1,Masters,19,90.94,27.17,21.94,1
Other,White,Tier 3,Bachelors,5,19.01,81.6,46.44,0
Female,Asian,Tier 2,Bachelors,15,82.13,37.83,43.33,1
Male,Asian,Tier 2,Bachelors,2,54.46,8.84,79.97,0
Other,Hispanic,Tier 2,PhD,9,7.79,34.22,73.95,0
Other,Other,Tier 3,Masters,10,95.54,98.14,42.63,1
Female,White,Tier 1,Masters,10,24.7,62.97,33.37,0
Male,Asian,Tier 2,Bachelors,16,85.96,41.62,31.65,1
Male,White,Tier 1,Masters,3,16.88,16.65,77.4,0
Other,Black,Tier 1,Masters,3,85.39,98.62,5.21,1
Male,Hispanic,Tier 1,Masters,16,1.32,82.08,1.28,0
Other,Black,Tier 3,PhD,8,51.18,28.15,79.55,0
Male,White,Tier 3,Bachelors,18,76.94,7.01,47.71,0
Other,White,Tier 1,PhD,4,93.48,5.66,13.09,0
Male,Other,Tier 1,PhD,5,90.92,12.04,23.56,0
Female,Asian,Tier 2,Bachelors,2,81.96,58.08,93.25,1
Male,Asian,Tier 2,Bachelors,0,88.82,92.88,85.95,1
Male,Black,Tier 1,PhD,19,19.92,49.67,70.98,0
Female,Hispanic,Tier 2,Bachelors,15,28.42,84.29,48.22,0
Male,Asian,Tier 2,Masters,10,28.9,44.59,52.03,0
Female,Other,Tier 3,PhD,12,37.71,70.86,97.52,1
Male,Black,Tier 1,Masters,9,39.33,73.19,96.58,1
Other,Black,Tier 2,Bachelors,2,54.46,17.4,21.53,0
Other,Other,Tier 2,Masters,8,15.99,36.12,81.11,0
Male,Hispanic,Tier 2,Bachelors,11,69.12,63.73,19.72,1
Male,Other,Tier 2,Masters,13,16.76,7.07,21.35,0
Male,Hispanic,Tier 2,Bachelors,0,31.03,36.15,67.61,0
Other,Other,Tier 1,Masters,17,50.33,53.48,40.5,0
Male,Other,Tier 3,Masters,16,79.64,99.62,93.15,1
Other,White,Tier 2,Masters,8,73.95,47.45,8.9,0
Female,Black,Tier 1,Masters,8,64.55,81.61,51.15,1
Other,Other,Tier 2,Masters,9,15.58,43.21,91.85,0
Other,Other,Tier 1,Masters,18,54.7,79.64,90.41,1
Female,Asian,Tier 1,Bachelors,14,8.74,59.54,15.65,0
Other,Black,Tier 3,Masters,4,37.74,88.66,36.66,0
Male,Asian,Tier 2,Bachelors,14,41.35,41.09,61.91,0
Male,Black,Tier 2,PhD,19,3.98,60.43,15.94,0
Other,Asian,Tier 1,Bachelors,1,27.4,63.0,96.8,1
Male,Other,Tier 2,Bachelors,12,95.56,41.74,91.47,1
Other,Other,Tier 1,Masters,15,95.36,14.43,16.7,0
Male,White,Tier 1,Bachelors,14,35.23,9.36,12.12,0
Male,Asian,Tier 3,Bachelors,9,4.31,1.67,8.54,0
Other,Hispanic,Tier 2,Masters,13,17.91,87.35,90.94,1
Male,White,Tier 2,Masters,9,39.22,23.65,19.36,0
Other,Asian,Tier 1,Masters,13,94.78,21.15,41.63,1
Male,Asian,Tier 3,Bachelors,8,14.12,73.6,44.89,0
Male,White,Tier 2,Masters,13,76.35,32.0,59.9,1
Female,Other,Tier 2,Bachelors,2,10.87,50.6,7.17,0
Female,Asian,Tier 2,Masters,19,98.13,16.25,22.68,0
Other,Other,Tier 1,Masters,15,38.16,95.97,93.15,1
Female,White,Tier 1,Masters,1,77.52,85.16,90.84,1
Other,Other,Tier 2,Bachelors,9,34.26,86.38,78.13,1
Female,Black,Tier 1,Bachelors,2,62.77,40.68,1.94,0
Male,Hispanic,Tier 1,Bachelors,10,19.2,76.24,32.7,0
Other,Asian,Tier 3,Bachelors,10,14.6,14.39,62.8,0
Other,Hispanic,Tier 2,Bachelors,20,93.81,0.86,27.52,0
Male,Other,Tier 2,Masters,20,91.76,2.0,90.96,1
Other,Asian,Tier 2,Bachelors,12,88.75,58.66,63.39,1
Other,Other,Tier 2,PhD,6,62.54,45.54,7.19,0
Female,Black,Tier 1,Bachelors,16,80.83,51.8,90.9,1
Other,White,Tier 1,Masters,1,6.9,0.75,95.78,0
Male,Asian,Tier 1,Masters,11,33.48,42.27,7.77,0
Female,Black,Tier 1,Bachelors,9,31.37,71.81,53.24,0
Female,Black,Tier 2,Bachelors,17,63.56,44.27,30.34,0
Male,Asian,Tier 1,Masters,10,35.6,73.22,39.28,0
Male,Other,Tier 2,Bachelors,15,14.85,23.3,17.97,0
Female,Black,Tier 1,PhD,16,59.65,81.31,57.81,1
Other,Hispanic,Tier 1,Masters,18,81.44,58.84,95.8,1
Female,Black,Tier 2,PhD,17,38.21,21.08,50.31,0
Male,Other,Tier 1,Bachelors,2,13.23,23.67,8.29,0
Female,Other,Tier 1,Masters,20,19.67,62.8,62.0,0
Male,Hispanic,Tier 1,Masters,15,23.75,82.99,34.02,0
Female,Black,Tier 1,Masters,5,29.99,41.56,85.59,0
Other,Other,Tier 2,Bachelors,11,64.28,25.83,43.47,0
Female,Asian,Tier 1,Masters,10,60.09,86.7,19.28,1
Female,White,Tier 1,Bachelors,14,69.61,66.93,19.11,1
Male,White,Tier 2,Masters,14,36.25,44.81,76.88,0
Male,White,Tier 1,Bachelors,15,82.4,48.79,26.56,1
Male,Black,Tier 3,Masters,9,20.41,20.43,76.72,0
Female,Hispanic,Tier 2,Bachelors,11,46.9,62.68,20.59,0
Other,Other,Tier 2,Masters,12,80.09,35.87,32.17,0
Male,Asian,Tier 2,Masters,3,18.02,99.56,46.55,1
Male,Asian,Tier 1,Masters,6,10.99,48.02,94.32,0
Female,Black,Tier 2,Masters,1,88.37,48.59,93.17,1
Male,White,Tier 1,Bachelors,14,34.29,56.59,20.69,0
Other,Black,Tier 3,PhD,7,68.39,91.68,35.82,1
Other,Hispanic,Tier 1,Bachelors,6,2.53,80.08,14.94,0
Male,Hispanic,Tier 2,Masters,14,69.0,45.11,51.0,1
Male,Other,Tier 2,Masters,13,31.61,71.87,46.06,0
Female,Other,Tier 1,Masters,7,5.57,58.62,90.08,0
Other,Hispanic,Tier 1,Bachelors,11,60.98,49.24,93.0,1
Other,Hispanic,Tier 2,Masters,12,24.08,19.23,38.36,0
Male,Hispanic,Tier 3,Masters,10,38.68,46.39,49.17,0
Female,Black,Tier 1,Bachelors,16,8.06,24.58,89.62,0
Other,Hispanic,Tier 2,PhD,16,14.72,91.48,80.67,1
Other,Asian,Tier 3,Bachelors,3,29.8,33.54,0.37,0
Female,White,Tier 3,Bachelors,20,8.98,95.23,32.01,0
Female,Hispanic,Tier 1,Bachelors,7,91.08,53.31,42.18,1
Other,White,Tier 2,Bachelors,4,0.6,63.15,22.97,0
Other,Black,Tier 1,PhD,15,48.39,54.29,19.96,0
Female,White,Tier 3,Bachelors,3,12.32,12.94,3.78,0
Other,Black,Tier 2,Bachelors,14,30.77,37.58,64.34,0
Male,Asian,Tier 1,Bachelors,11,92.61,9.91,26.25,0
Male,Black,Tier 2,Masters,4,16.17,62.3,5.23,0
Female,Black,Tier 1,Masters,15,96.58,44.69,23.1,1
Female,Other,Tier 3,Bachelors,13,20.58,77.8,80.19,0
Female,Hispanic,Tier 3,Bachelors,9,74.16,22.05,85.15,0
Male,Hispanic,Tier 2,Masters,6,54.67,16.46,48.31,0
Other,Asian,Tier 1,Bachelors,12,88.45,40.63,41.61,1
Male,Asian,Tier 2,Bachelors,19,55.4,92.66,97.79,1
Other,Hispanic,Tier 1,Bachelors,4,53.46,71.04,20.06,0
Male,Other,Tier 1,Masters,2,19.55,41.89,21.54,0
Other,Hispanic,Tier 3,Bachelors,14,16.62,51.73,29.19,0
Male,Other,Tier 1,Masters,3,91.65,8.42,17.28,0
Female,Asian,Tier 1,Bachelors,14,32.78,98.46,37.94,1
Male,White,Tier 3,PhD,13,37.21,66.64,91.08,1
Other,Asian,Tier 1,Bachelors,19,75.98,28.54,61.53,1
Male,Asian,Tier 1,Masters,18,33.88,58.58,41.19,0
Male,Black,Tier 3,Bachelors,12,95.21,10.95,93.44,1
Male,Black,Tier 1,Bachelors,9,73.79,96.58,4.85,1
Female,Black,Tier 2,Masters,20,59.74,17.48,21.03,0
Male,Black,Tier 3,Bachelors,4,88.09,64.8,56.59,1
Female,Other,Tier 3,Masters,19,4.96,24.55,61.56,0
Female,Hispanic,Tier 2,PhD,19,25.71,71.76,3.96,0
Male,White,Tier 1,Masters,5,46.5,77.68,40.3,1
Male,Asian,Tier 1,Bachelors,3,22.7,67.34,64.92,0
Male,Other,Tier 3,Masters,1,74.39,61.45,69.81,1
Other,White,Tier 3,Bachelors,15,91.92,89.25,63.81,1
Male,Other,Tier 2,Masters,17,42.38,7.86,32.06,0
Female,Other,Tier 1,Masters,4,34.21,33.09,9.35,0
Male,Asian,Tier 1,Masters,3,96.16,24.83,42.71,1
Other,Hispanic,Tier 1,Bachelors,12,44.49,98.8,12.88,1
Male,Black,Tier 2,Masters,18,48.9,38.94,94.76,1
Other,Hispanic,Tier 2,Bachelors,1,35.16,73.26,47.52,0
Other,Asian,Tier 3,Masters,12,90.95,68.47,31.73,1
Male,Asian,Tier 2,Bachelors,10,56.9,21.21,76.63,0
Female,Asian,Tier 1,Masters,3,76.22,23.9,49.79,0
Other,White,Tier 2,Masters,19,81.18,28.13,31.0,0
Male,Hispanic,Tier 2,Masters,19,34.18,41.11,81.2,0
Male,Hispanic,Tier 2,Bachelors,14,43.37,23.43,86.72,0
Female,Other,Tier 2,Masters,3,84.85,1.97,67.3,0
Other,Other,Tier 3,Bachelors,8,36.33,87.94,4.7,0
Other,Other,Tier 3,Bachelors,6,79.39,96.56,56.63,1
Male,Asian,Tier 1,Bachelors,18,94.1,34.16,76.33,1
Male,Hispanic,Tier 1,Bachelors,18,62.32,33.85,13.65,0
Female,Asian,Tier 2,Bachelors,5,74.16,0.71,22.87,0
Female,White,Tier 1,Masters,5,80.51,68.03,88.25,1
Other,Other,Tier 1,Bachelors,19,84.5,82.54,2.01,1
Other,Asian,Tier 1,Bachelors,14,39.51,14.66,75.27,0
Male,Asian,Tier 2,PhD,14,5.13,15.97,47.38,0
Other,White,Tier 1,Bachelors,19,40.19,79.01,44.68,1
Female,Black,Tier 2,Masters,8,67.38,61.63,0.71,0
Female,Hispanic,Tier 3,Masters,3,45.04,4.49,81.94,0
Male,Black,Tier 1,PhD,17,74.9,62.25,35.98,1
Female,Other,Tier 1,Masters,17,35.7,30.89,54.08,0
Female,Asian,Tier 1,Masters,4,63.47,36.87,67.73,1
Female,White,Tier 3,Masters,19,18.64,76.97,70.26,0
Female,White,Tier 1,Bachelors,10,74.94,81.09,95.6,1
Male,Hispanic,Tier 1,Masters,4,54.57,40.04,53.13,0
Male,Black,Tier 1,Bachelors,3,20.41,94.72,39.97,1
Other,Hispanic,Tier 2,PhD,11,29.19,40.65,95.37,0
Female,Asian,Tier 2,Bachelors,1,74.86,77.18,64.21,1
Other,Hispanic,Tier 2,Masters,12,48.26,48.39,29.82,0
Male,White,Tier 3,Bachelors,9,21.6,89.75,12.65,0
Male,White,Tier 1,Masters,8,96.73,90.78,84.26,1
Male,Other,Tier 3,Bachelors,9,71.51,8.74,36.22,0
Male,Other,Tier 1,Masters,6,95.71,93.65,66.05,1
Male,Asian,Tier 3,Masters,3,42.71,82.55,47.08,1
Male,Black,Tier 2,Bachelors,18,47.51,79.13,19.89,1
Male,Hispanic,Tier 3,Masters,9,89.8,20.09,60.17,0
Female,Asian,Tier 1,Masters,2,52.5,80.51,6.07,0
Other,Other,Tier 1,Masters,20,70.73,85.01,41.33,1
Male,Hispanic,Tier 1,Bachelors,18,25.22,28.92,54.66,0
Female,Other,Tier 1,Bachelors,20,44.67,95.23,43.6,1
Female,Hispanic,Tier 1,Bachelors,1,12.34,4.99,74.87,0
Other,Black,Tier 1,Bachelors,19,20.6,14.99,82.79,0
Male,Asian,Tier 1,PhD,9,0.09,53.76,77.12,0
Other,Hispanic,Tier 2,Bachelors,1,3.93,57.58,3.88,0
Male,White,Tier 3,Masters,1,97.73,64.52,19.41,1
Female,White,Tier 2,Bachelors,16,24.24,1.7,53.66,0
Female,Hispanic,Tier 1,Masters,15,66.33,96.04,93.48,1
Female,Hispanic,Tier 2,Masters,15,83.91,4.46,83.5,0
Female,Hispanic,Tier 1,Masters,13,55.07,14.31,84.25,0
Other,White,Tier 3,Bachelors,6,15.31,1.4,30.32,0
Male,White,Tier 1,Bachelors,20,72.81,56.69,42.94,1
Male,Hispanic,Tier 2,Bachelors,10,60.03,93.23,47.07,1
Other,Other,Tier 3,Bachelors,0,73.13,66.59,15.74,0
Male,Other,Tier 3,Bachelors,10,76.97,82.27,3.11,1
Female,Black,Tier 2,Bachelors,20,97.54,1.33,94.69,1
Male,Asian,Tier 3,Bachelors,3,57.36,54.2,24.07,0
Female,Other,Tier 3,Masters,6,34.16,45.96,23.99,0
Other,White,Tier 2,Bachelors,14,64.85,49.9,8.34,0
Male,Other,Tier 2,Bachelors,17,6.84,7.22,92.85,0
Other,Black,Tier 2,Bachelors,11,89.74,68.44,57.97,1
Male,Black,Tier 2,Masters,16,11.94,50.32,66.7,0
Female,Asian,Tier 2,Masters,0,32.78,76.51,91.16,1
Other,Other,Tier 2,Masters,10,81.57,48.53,34.56,1
Male,White,Tier 1,Masters,0,59.73,14.94,62.15,0
Female,White,Tier 1,Bachelors,14,39.36,64.83,3.88,0
Other,Hispanic,Tier 1,Masters,20,47.34,17.24,18.68,0
Other,White,Tier 1,Bachelors,9,85.45,87.24,83.12,1
Male,Asian,Tier 1,Bachelors,6,34.0,61.31,76.68,1
Male,Asian,Tier 2,Masters,1,86.96,15.72,35.06,0
Male,White,Tier 1,Masters,9,8.81,96.23,37.68,0
Female,White,Tier 3,Bachelors,3,77.68,51.84,53.36,1
Male,Hispanic,Tier 1,Masters,11,84.75,7.29,0.02,0
Other,White,Tier 1,Masters,18,18.18,62.68,24.12,0
Other,Hispanic,Tier 2,Bachelors,10,43.03,25.32,20.82,0
Male,Hispanic,Tier 2,Bachelors,7,16.55,80.37,25.05,0
Male,White,Tier 1,Bachelors,17,70.66,81.78,80.59,1
Other,Black,Tier 3,Bachelors,10,53.53,97.89,27.97,1
Female,Black,Tier 3,Bachelors,10,63.53,50.19,19.15,0
Male,Hispanic,Tier 1,Bachelors,12,19.65,45.5,50.43,0
Male,White,Tier 1,Bachelors,2,21.17,75.35,86.56,1
Other,Black,Tier 3,Masters,11,4.15,13.25,24.13,0
Male,White,Tier 2,Masters,2,32.21,54.69,7.85,0
Female,White,Tier 2,PhD,9,55.97,54.62,35.64,0
Other,White,Tier 3,Bachelors,16,85.79,8.95,74.77,0
Male,Other,Tier 1,Masters,1,66.69,41.8,55.07,1
Other,White,Tier 2,Masters,16,43.54,85.33,81.68,1
Male,Other,Tier 1,Masters,15,95.31,85.62,95.96,1
Male,Hispanic,Tier 2,Bachelors,1,71.92,9.92,79.27,0
Male,Black,Tier 2,Masters,19,93.02,9.07,60.38,1
Female,Black,Tier 2,Bachelors,5,52.76,26.27,49.33,0
Female,Black,Tier 1,Bachelors,9,25.89,87.48,4.01,0
Other,Black,Tier 1,Masters,9,5.28,12.89,98.43,0
Male,Black,Tier 2,Masters,7,72.61,72.0,38.35,1
Male,Black,Tier 2,Bachelors,0,12.13,10.12,15.22,0
Female,Black,Tier 2,PhD,12,30.28,62.31,66.67,0
Male,Hispanic,Tier 1,Masters,8,53.25,35.61,28.43,0
Female,White,Tier 3,Bachelors,9,56.44,78.89,58.58,1
Male,Asian,Tier 1,PhD,14,60.06,23.37,58.68,0
Other,Other,Tier 3,Bachelors,4,16.63,63.92,44.57,0
Male,Asian,Tier 1,PhD,15,37.97,23.57,83.61,0
Male,Asian,Tier 2,Masters,12,61.72,71.37,26.5,1
Female,White,Tier 1,Bachelors,19,96.98,87.37,44.86,1
Male,White,Tier 3,Masters,17,72.76,12.68,53.77,0
Male,White,Tier 2,Masters,10,92.26,86.66,66.36,1
Female,Black,Tier 1,Masters,8,76.22,59.36,78.4,1
Other,Hispanic,Tier 1,PhD,15,59.17,12.71,39.48,0
Other,Black,Tier 1,Masters,1,19.2,42.75,64.6,0
Female,Hispanic,Tier 1,Masters,1,66.67,16.09,15.06,0
Female,Hispanic,Tier 3,Masters,11,62.34,70.03,93.26,1
Female,Asian,Tier 2,Masters,7,60.25,75.89,38.31,1
Female,Asian,Tier 2,Bachelors,8,48.98,10.58,72.95,0
Female,Hispanic,Tier 2,Masters,11,52.87,50.61,2.03,0
Other,Hispanic,Tier 2,Bachelors,8,33.44,81.46,20.52,0
Other,Black,Tier 1,Masters,9,51.93,93.62,48.71,1
Female,Black,Tier 1,Masters,1,19.76,51.35,87.83,0
Male,Asian,Tier 2,Masters,15,80.52,95.03,52.73,1
Female,White,Tier 3,Masters,19,18.58,53.57,92.99,0
Male,Hispanic,Tier 1,Masters,6,8.5,39.42,48.38,0
Female,Black,Tier 1,Bachelors,1,43.62,84.82,49.04,1
Female,Asian,Tier 2,Masters,0,65.83,49.3,11.97,0
Other,Black,Tier 3,Bachelors,18,43.77,47.19,80.27,0
Male,Hispanic,Tier 1,Bachelors,3,27.68,49.03,24.7,0
Male,Hispanic,Tier 2,Bachelors,1,55.82,84.68,89.96,1
Other,Other,Tier 3,Masters,13,34.7,83.19,91.08,1
Other,White,Tier 1,Masters,1,93.29,40.35,94.33,1
Other,Other,Tier 1,Masters,14,92.26,33.33,52.02,1
Other,Asian,Tier 2,Bachelors,11,50.24,49.19,67.71,0
Male,Black,Tier 3,Bachelors,4,32.79,57.28,77.85,0
Male,Asian,Tier 1,Bachelors,19,73.71,23.83,13.1,0
Female,Hispanic,Tier 2,Bachelors,6,3.67,79.4,60.1,0
Female,Other,Tier 2,Masters,20,47.48,48.65,3.43,0
Other,Other,Tier 2,Bachelors,9,33.63,33.4,49.76,0
Other,Other,Tier 2,Bachelors,13,92.05,10.68,15.48,0
Other,Asian,Tier 2,Bachelors,13,1.2,23.88,18.29,0
Female,Hispanic,Tier 2,Bachelors,4,55.28,94.93,36.5,1
Female,Black,Tier 2,Bachelors,17,74.07,30.51,43.24,0
Female,Black,Tier 2,Bachelors,13,48.5,16.89,62.32,0
Female,Asian,Tier 2,Masters,1,8.54,46.07,7.44,0
Female,Other,Tier 3,Masters,11,97.25,30.71,50.37,1
Female,White,Tier 1,Masters,5,51.8,3.52,18.26,0
Female,Asian,Tier 3,PhD,3,61.42,32.31,57.4,0
Other,Asian,Tier 3,Bachelors,12,23.66,54.41,63.74,0
Other,Hispanic,Tier 1,Masters,3,48.35,55.17,55.67,0
Other,Black,Tier 2,PhD,13,42.91,35.66,73.83,0
Other,Asian,Tier 2,Bachelors,15,7.49,44.73,33.56,0
Female,Asian,Tier 1,PhD,3,10.62,96.55,76.51,1
Male,Other,Tier 1,Bachelors,0,83.75,37.73,43.28,1
Female,Other,Tier 1,Bachelors,12,23.98,25.82,48.42,0
Male,White,Tier 1,Bachelors,3,19.5,24.35,64.81,0
Other,Hispanic,Tier 3,Masters,19,50.49,45.78,1.84,0
Female,White,Tier 1,Masters,17,76.87,75.95,65.4,1
Other,Other,Tier 3,Masters,5,6.19,20.6,61.86,0
Female,Black,Tier 2,Bachelors,2,57.68,70.93,30.98,0
Other,Other,Tier 3,Bachelors,12,11.92,2.11,8.58,0
Male,Hispanic,Tier 2,Bachelors,15,3.65,41.89,9.09,0
Male,Other,Tier 1,Bachelors,4,5.27,77.59,92.32,1
Male,Hispanic,Tier 2,PhD,3,83.42,33.87,68.93,1
Female,Hispanic,Tier 1,Bachelors,20,11.8,56.37,12.71,0
Male,Hispanic,Tier 2,Masters,7,4.52,20.5,35.67,0
Female,Hispanic,Tier 3,Masters,18,43.79,74.2,59.25,1
Male,Hispanic,Tier 1,Bachelors,13,84.4,5.23,83.56,1
Male,Black,Tier 1,Masters,6,26.24,85.25,4.37,0
Female,White,Tier 2,Bachelors,13,42.17,19.82,23.66,0
Female,Asian,Tier 3,Bachelors,5,3.99,87.44,88.97,0
Male,White,Tier 2,Bachelors,11,44.91,35.25,0.92,0
Female,Hispanic,Tier 1,Masters,15,57.76,72.27,20.14,1
Male,Black,Tier 2,Bachelors,16,57.09,31.92,95.9,1
Female,Other,Tier 1,Masters,12,33.24,90.59,61.34,1
Other,Black,Tier 2,Masters,13,31.55,12.66,26.17,0
Other,Hispanic,Tier 3,Bachelors,6,10.66,17.85,6.7,0
Other,Black,Tier 2,Masters,13,36.68,49.3,2.82,0
Other,Black,Tier 3,Masters,14,9.95,8.19,24.47,0
Other,Hispanic,Tier 1,Bachelors,11,76.66,19.6,88.15,1
Male,Black,Tier 2,Bachelors,16,96.63,94.38,41.59,1
Other,Asian,Tier 3,Masters,8,97.01,97.65,72.03,1
Other,Asian,Tier 1,Bachelors,14,86.51,37.63,91.83,1
Other,Black,Tier 3,Masters,11,60.08,92.33,40.8,1
Other,Other,Tier 1,Bachelors,1,70.09,54.48,19.13,0
Female,Hispanic,Tier 2,Bachelors,4,28.52,26.97,51.71,0
Male,Asian,Tier 3,Bachelors,12,63.08,70.24,90.81,1
Other,Other,Tier 2,Bachelors,19,45.56,65.89,80.44,1
Other,Black,Tier 1,Masters,7,48.2,98.91,6.58,1
Other,Other,Tier 2,Bachelors,13,75.78,26.5,69.26,1
Male,White,Tier 2,Masters,14,28.19,67.21,57.19,0
Female,Asian,Tier 3,Masters,10,31.8,5.2,90.75,0
Male,Black,Tier 2,Masters,0,92.46,11.36,12.25,0
Female,Hispanic,Tier 1,Masters,20,5.62,0.39,53.4,0
Other,Black,Tier 2,Bachelors,2,48.56,99.95,87.95,1
Other,Hispanic,Tier 2,Bachelors,16,91.28,80.23,41.0,1
Male,Black,Tier 2,Masters,18,61.04,78.67,48.2,1
Male,Other,Tier 2,Bachelors,13,54.64,50.97,7.05,0
Female,Other,Tier 3,Masters,7,24.97,30.01,27.81,0
Female,Other,Tier 2,Bachelors,12,34.33,15.13,32.45,0
Male,White,Tier 2,Masters,19,85.2,28.47,94.51,1
Female,Hispanic,Tier 1,Masters,2,55.92,37.6,28.27,0
Male,Other,Tier 1,Masters,4,51.47,75.63,46.09,1
Female,White,Tier 1,Masters,8,9.96,53.97,67.13,0
Male,Hispanic,Tier 1,Masters,5,1.6,7.75,16.22,0
Male,Black,Tier 2,Masters,1,96.37,1.8,48.64,0
Male,White,Tier 2,Masters,12,37.7,10.23,73.85,0
Female,Asian,Tier 2,Bachelors,4,60.32,41.05,86.69,1
Female,White,Tier 3,Bachelors,7,7.97,93.32,62.63,0
Female,White,Tier 3,Bachelors,0,68.31,63.74,66.91,1
Male,Hispanic,Tier 3,PhD,19,93.26,80.18,12.63,1
Female,Black,Tier 2,Bachelors,11,57.57,46.64,94.58,1
Female,Asian,Tier 2,Masters,10,12.61,36.17,13.26,0
Male,Other,Tier 2,Masters,6,58.17,10.84,77.47,0
Other,Other,Tier 1,Masters,14,76.63,87.59,26.48,1
Male,White,Tier 1,Masters,10,40.64,78.32,93.36,1
Female,Hispanic,Tier 3,Bachelors,15,87.98,16.81,72.0,0
Male,Hispanic,Tier 3,Masters,2,64.87,51.23,75.38,1
Other,Other,Tier 1,Masters,19,89.92,48.74,21.91,1
Male,Asian,Tier 2,Bachelors,13,62.35,62.51,44.3,1
Female,Black,Tier 3,Bachelors,2,13.13,94.62,61.78,0
Other,Asian,Tier 1,Masters,0,30.97,57.98,77.0,0
Female,Black,Tier 1,Masters,20,20.18,54.02,10.4,0
Other,Other,Tier 3,Bachelors,14,90.88,5.03,96.24,1
Other,Black,Tier 2,Masters,0,76.04,6.29,89.02,0
Male,Hispanic,Tier 1,Masters,16,67.64,18.73,27.03,0
Male,White,Tier 2,Bachelors,1,30.1,3.25,82.28,0
Female,White,Tier 3,PhD,19,18.4,74.34,51.83,0
Male,Other,Tier 2,Masters,5,75.65,72.33,46.18,1
Male,Hispanic,Tier 1,Masters,7,47.42,13.61,31.44,0
Other,Asian,Tier 1,Masters,15,22.58,83.61,58.1,1
Male,Hispanic,Tier 2,Bachelors,18,61.66,15.48,72.99,0
Other,White,Tier 2,Bachelors,0,4.03,30.12,41.09,0
Other,White,Tier 2,Bachelors,2,32.62,24.9,62.92,0
Other,Hispanic,Tier 1,Bachelors,2,46.86,37.23,69.93,0
Female,Hispanic,Tier 3,Bachelors,4,14.8,25.47,71.11,0
Female,White,Tier 1,Masters,11,98.47,48.9,5.2,1
Female,Asian,Tier 1,Masters,11,20.91,40.74,85.97,0
Other,Other,Tier 1,Masters,19,13.04,98.66,45.83,1
Female,Other,Tier 1,Masters,12,20.35,5.59,26.24,0
Female,Hispanic,Tier 2,Masters,19,76.91,14.22,24.18,0
Male,Other,Tier 2,Bachelors,8,42.55,5.28,48.3,0
Female,White,Tier 1,Bachelors,6,56.54,62.58,88.68,1
Female,White,Tier 2,Masters,3,2.1,5.45,37.83,0
Other,Hispanic,Tier 1,Masters,18,3.44,83.64,74.97,1
Other,Hispanic,Tier 2,Bachelors,18,44.58,51.19,9.68,0
Other,Hispanic,Tier 3,Masters,5,81.67,52.7,47.61,1
Other,Asian,Tier 1,Bachelors,12,88.52,56.16,99.17,1
Other,Other,Tier 2,Masters,10,8.67,17.08,77.04,0
Other,Hispanic,Tier 1,Masters,12,53.84,19.77,21.05,0
Female,Black,Tier 1,Masters,12,91.32,31.88,50.14,1
Other,Black,Tier 1,PhD,19,38.8,59.35,23.36,0
Other,White,Tier 2,Masters,14,82.96,21.01,40.96,0
Male,Other,Tier 2,PhD,20,13.37,11.63,78.01,0
Female,Hispanic,Tier 1,PhD,12,93.54,97.01,77.12,1
Female,Black,Tier 3,Masters,10,75.14,2.2,22.81,0
Female,Other,Tier 2,Masters,18,94.13,80.27,92.22,1
Other,White,Tier 3,Bachelors,7,67.66,78.8,59.26,1
Other,Asian,Tier 2,Bachelors,19,36.34,29.72,37.99,0
Other,Other,Tier 2,Masters,7,93.82,13.56,50.19,0
Male,Other,Tier 1,Bachelors,9,27.56,14.56,60.51,0
Other,Asian,Tier 1,Bachelors,15,33.22,69.74,55.99,1
Male,Other,Tier 3,PhD,18,70.08,64.28,48.64,1
Female,White,Tier 1,Masters,10,76.53,78.27,50.49,1
Other,White,Tier 3,Masters,12,92.94,93.75,17.64,1
Male,Asian,Tier 2,Bachelors,8,20.48,69.19,81.27,1
Male,Hispanic,Tier 1,Bachelors,19,79.8,15.59,54.18,0
Other,Black,Tier 1,Bachelors,18,73.85,24.34,13.11,0
Female,Hispanic,Tier 1,Bachelors,15,6.38,84.22,76.62,1
Female,Other,Tier 3,Bachelors,6,38.72,20.93,93.24,0
Female,Black,Tier 2,Bachelors,18,28.28,7.25,94.73,0
Male,Asian,Tier 1,PhD,11,30.45,70.33,36.9,0
Male,Asian,Tier 1,Masters,14,98.29,40.25,13.55,1
Male,Black,Tier 1,Bachelors,13,64.28,92.0,51.84,1
Male,White,Tier 2,Bachelors,10,71.77,65.03,11.26,1
Female,Black,Tier 1,Masters,9,97.66,9.04,93.4,1
Other,Other,Tier 3,Bachelors,10,37.72,94.79,18.36,0
Male,White,Tier 1,PhD,5,80.18,25.86,25.28,0
Male,Asian,Tier 1,Bachelors,1,43.45,33.72,40.66,0
Female,Black,Tier 2,Bachelors,10,86.95,40.23,38.32,1
Other,Hispanic,Tier 2,Bachelors,18,18.07,5.12,79.47,0
Other,Hispanic,Tier 3,Bachelors,5,94.77,49.65,45.63,1
Female,Other,Tier 2,Masters,13,21.88,12.33,17.08,0
Female,Hispanic,Tier 1,Masters,19,32.62,40.1,26.72,0
Other,Black,Tier 2,Masters,5,75.62,35.07,50.91,0
Male,Black,Tier 1,Bachelors,16,39.38,77.28,14.75,0
Other,Hispanic,Tier 1,Masters,9,60.82,80.32,61.17,1
Female,Black,Tier 3,Masters,0,44.46,15.34,56.57,0
Male,Other,Tier 2,Masters,2,74.24,36.66,71.47,1
Male,White,Tier 3,Bachelors,7,22.83,37.34,93.77,0
Female,Other,Tier 2,Bachelors,7,5.85,15.14,91.23,0
Female,Other,Tier 2,Masters,19,29.99,79.85,94.61,1
Female,Black,Tier 1,Masters,14,47.43,70.72,24.47,0
Other,White,Tier 1,Bachelors,6,16.8,19.04,13.16,0
Other,Black,Tier 3,Bachelors,10,35.48,36.67,30.23,0
Male,Asian,Tier 1,Bachelors,6,40.0,10.58,89.51,0
Female,Black,Tier 3,Masters,3,5.74,62.82,97.21,0
Male,Black,Tier 2,Bachelors,11,58.33,12.14,85.93,0
Male,Black,Tier 1,PhD,5,88.43,98.59,11.0,1
Male,White,Tier 2,Masters,13,15.17,78.07,94.74,1
Male,Black,Tier 2,PhD,11,59.78,39.02,42.34,0
Female,White,Tier 1,Masters,10,66.47,57.86,0.93,0
Male,Hispanic,Tier 3,Bachelors,18,41.93,91.13,44.24,1
Female,Asian,Tier 2,Masters,20,70.11,55.41,4.61,0
Female,White,Tier 1,Bachelors,4,41.07,17.45,54.39,0
Other,Hispanic,Tier 2,PhD,13,50.46,37.87,33.86,0
Female,White,Tier 3,Masters,20,0.74,84.31,47.34,0
Other,White,Tier 1,Bachelors,15,69.17,64.42,61.32,1
Female,Asian,Tier 3,Masters,12,66.13,65.07,86.88,1
Female,Other,Tier 1,PhD,19,3.84,86.68,66.19,0
Female,Other,Tier 2,Bachelors,3,36.83,89.4,43.4,1
Other,White,Tier 2,Masters,10,97.9,91.98,81.94,1
Other,Black,Tier 1,Masters,16,42.07,9.48,90.56,0
Male,Hispanic,Tier 1,Masters,6,50.19,54.41,11.98,0
